Complain_Code,User_ID,Complain_Category,Complain_Times
N0001,1826,No Complain,0
N0002,1,No Complain,0
N0003,10476,No Complain,0
N0004,1386,No Complain,0
N0005,5371,No Complain,0
N0006,7348,No Complain,0
N0007,4073,No Complain,0
N0008,1991,No Complain,0
N0009,4047,No Complain,0
N0010,9477,No Complain,0
N0011,2079,No Complain,0
N0012,5642,No Complain,0
N0013,10530,No Complain,0
N0014,2964,No Complain,0
N0015,10311,No Complain,0
N0016,837,No Complain,0
N0017,10521,No Complain,0
N0018,10175,No Complain,0
N0019,1473,No Complain,0
N0020,2795,No Complain,0
N0021,2285,No Complain,0
N0022,115,No Complain,0
N0023,10470,No Complain,0
N0024,4065,No Complain,0
N0025,10968,No Complain,0
N0026,5985,No Complain,0
N0027,5430,No Complain,0
N0028,8432,No Complain,0
N0029,453,No Complain,0
N0030,9687,No Complain,0
N0031,8890,No Complain,0
N0032,9264,No Complain,0
N0033,5824,No Complain,0
N0034,5794,No Complain,0
N0035,3068,No Complain,0
N0036,7962,No Complain,0
N0037,2681,No Complain,0
N0038,10141,No Complain,0
N0039,3725,No Complain,0
N0040,3767,No Complain,0
N0041,5585,No Complain,0
N0042,7030,No Complain,0
N0043,1524,No Complain,0
N0044,3657,No Complain,0
N0045,5740,No Complain,0
N0046,9595,No Complain,0
N0047,3158,No Complain,0
N0048,5114,No Complain,0
N0049,340,No Complain,0
N0050,8805,No Complain,0
N0051,1241,No Complain,0
N0052,1402,No Complain,0
N0053,7264,No Complain,0
N0054,1619,No Complain,0
N0055,6398,No Complain,0
N0056,1857,No Complain,0
N0057,4877,No Complain,0
N0058,3066,No Complain,0
N0059,10286,No Complain,0
N0060,1992,No Complain,0
N0061,4246,No Complain,0
N0062,10623,No Complain,0
N0063,4867,No Complain,0
N0064,3112,No Complain,0
N0065,4865,No Complain,0
N0066,6287,No Complain,0
N0067,4405,No Complain,0
N0068,5332,No Complain,0
N0069,1519,No Complain,0
N0070,9080,No Complain,0
N0071,1772,No Complain,0
N0072,5341,No Complain,0
N0073,5510,No Complain,0
N0074,3887,No Complain,0
N0075,7022,No Complain,0
N0076,9999,No Complain,0
N0077,10352,No Complain,0
N0078,7919,No Complain,0
N0079,4114,No Complain,0
N0080,7990,No Complain,0
N0081,9888,No Complain,0
N0082,4399,No Complain,0
N0083,4452,No Complain,0
N0084,4785,No Complain,0
N0085,8461,No Complain,0
N0086,3878,No Complain,0
N0087,9612,No Complain,0
N0088,4098,No Complain,0
N0089,158,No Complain,0
N0090,3896,No Complain,0
N0091,9970,No Complain,0
N0092,4002,No Complain,0
N0093,10914,No Complain,0
N0094,7279,No Complain,0
N0095,10582,No Complain,0
N0096,4470,No Complain,0
N0097,6183,No Complain,0
N0098,6379,No Complain,0
N0099,8601,No Complain,0
N0100,4827,No Complain,0
N0101,6715,No Complain,0
N0102,10676,No Complain,0
N0103,1041,No Complain,0
N0104,492,No Complain,0
N0105,11133,No Complain,0
N0106,4491,No Complain,0
N0107,873,No Complain,0
N0108,1631,No Complain,0
N0109,8278,No Complain,0
N0110,6815,No Complain,0
N0111,254,No Complain,0
N0112,1349,No Complain,0
N0113,2534,No Complain,0
N0114,2130,No Complain,0
N0115,2296,No Complain,0
N0116,3799,No Complain,0
N0117,11084,No Complain,0
N0118,5172,No Complain,0
N0119,9504,No Complain,0
N0120,850,No Complain,0
N0121,4477,No Complain,0
N0122,1945,No Complain,0
N0123,7685,No Complain,0
N0124,6310,No Complain,0
N0125,10832,No Complain,0
N0126,3025,No Complain,0
N0127,2404,No Complain,0
N0128,8581,No Complain,0
N0129,8755,No Complain,0
N0130,10177,No Complain,0
N0131,2429,No Complain,0
N0132,8920,No Complain,0
N0133,8430,No Complain,0
N0134,8619,No Complain,0
N0135,8996,No Complain,0
N0136,7233,No Complain,0
N0137,6678,No Complain,0
N0138,830,No Complain,0
N0139,6365,No Complain,0
N0140,6770,No Complain,0
N0141,2261,No Complain,0
N0142,1031,No Complain,0
N0143,10089,No Complain,0
N0144,9256,No Complain,0
N0145,10641,No Complain,0
N0146,624,No Complain,0
N0147,4211,No Complain,0
N0148,1407,No Complain,0
N0149,10356,No Complain,0
N0150,9323,No Complain,0
N0151,1146,No Complain,0
N0152,6343,No Complain,0
N0153,8545,No Complain,0
N0154,8275,No Complain,0
N0155,10673,No Complain,0
N0156,8799,No Complain,0
N0157,67,No Complain,0
N0158,9923,No Complain,0
N0159,2814,No Complain,0
N0160,2711,No Complain,0
N0161,4320,No Complain,0
N0162,10451,No Complain,0
N0163,4198,No Complain,0
N0164,10814,No Complain,0
N0165,944,No Complain,0
N0166,8151,No Complain,0
N0167,6184,No Complain,0
N0168,3498,No Complain,0
N0169,2870,No Complain,0
N0170,7342,No Complain,0
N0171,1911,No Complain,0
N0172,10862,No Complain,0
N0173,2546,No Complain,0
N0174,3005,No Complain,0
N0175,8318,No Complain,0
N0176,2930,No Complain,0
N0177,8216,No Complain,0
N0178,1212,No Complain,0
N0179,2541,No Complain,0
N0180,10659,No Complain,0
N0181,10905,No Complain,0
N0182,8910,No Complain,0
N0183,7349,No Complain,0
N0184,7872,No Complain,0
N0185,4290,No Complain,0
N0186,7408,No Complain,0
N0187,9986,No Complain,0
N0188,8235,No Complain,0
N0189,10949,No Complain,0
N0190,7284,No Complain,0
N0191,9529,No Complain,0
N0192,9930,No Complain,0
N0193,10270,No Complain,0
N0194,760,No Complain,0
N0195,5519,No Complain,0
N0196,232,No Complain,0
N0197,3009,No Complain,0
N0198,6518,No Complain,0
N0199,10669,No Complain,0
N0200,5682,No Complain,0
N0201,1570,No Complain,0
N0202,1497,No Complain,0
N0203,9723,No Complain,0
N0204,7261,No Complain,0
N0205,2452,No Complain,0
N0206,5621,No Complain,0
A0207,10995,Employee Attitude,1
N0208,7373,No Complain,0
N0209,5331,No Complain,0
N0210,263,No Complain,0
N0211,4619,No Complain,0
N0212,940,No Complain,0
N0213,10084,No Complain,0
N0214,6019,No Complain,0
N0215,1463,No Complain,0
N0216,6424,No Complain,0
N0217,8233,No Complain,0
N0218,1515,No Complain,0
N0219,10855,No Complain,0
N0220,10909,No Complain,0
N0221,3376,No Complain,0
N0222,10232,No Complain,0
N0223,5547,No Complain,0
N0224,8362,No Complain,0
N0225,3524,No Complain,0
N0226,10095,No Complain,0
N0227,8897,No Complain,0
N0228,466,No Complain,0
N0229,11025,No Complain,0
N0230,2387,No Complain,0
N0231,1618,No Complain,0
N0232,25,No Complain,0
N0233,3277,No Complain,0
N0234,8566,No Complain,0
N0235,2634,No Complain,0
N0236,8036,No Complain,0
N0237,8159,No Complain,0
N0238,7628,No Complain,0
N0239,9597,No Complain,0
N0240,1384,No Complain,0
N0241,10150,No Complain,0
N0242,3885,No Complain,0
N0243,11003,No Complain,0
N0244,8026,No Complain,0
N0245,577,No Complain,0
N0246,8702,No Complain,0
N0247,5429,No Complain,0
N0248,977,No Complain,0
N0249,2793,No Complain,0
N0250,1071,No Complain,0
N0251,5074,No Complain,0
N0252,2632,No Complain,0
N0253,6404,No Complain,0
N0254,10240,No Complain,0
N0255,2521,No Complain,0
N0256,4301,No Complain,0
N0257,7381,No Complain,0
N0258,2407,No Complain,0
N0259,9064,No Complain,0
N0260,5067,No Complain,0
N0261,10281,No Complain,0
N0262,11191,No Complain,0
N0263,1994,No Complain,0
N0264,2552,No Complain,0
N0265,6720,No Complain,0
N0266,4557,No Complain,0
N0267,1183,No Complain,0
N0268,4186,No Complain,0
N0269,1419,No Complain,0
N0270,967,No Complain,0
N0271,1048,No Complain,0
N0272,9262,No Complain,0
N0273,3427,No Complain,0
N0274,5892,No Complain,0
N0275,8911,No Complain,0
N0276,6606,No Complain,0
N0277,2677,No Complain,0
N0278,252,No Complain,0
N0279,9860,No Complain,0
N0280,1388,No Complain,0
N0281,979,No Complain,0
N0282,7494,No Complain,0
N0283,10490,No Complain,0
N0284,3403,No Complain,0
N0285,2715,No Complain,0
N0286,4828,No Complain,0
N0287,92,No Complain,0
N0288,3312,No Complain,0
N0289,11176,No Complain,0
N0290,1446,No Complain,0
N0291,9699,No Complain,0
N0292,9790,No Complain,0
N0293,2324,No Complain,0
N0294,5080,No Complain,0
N0295,4992,No Complain,0
N0296,7849,No Complain,0
N0297,4808,No Complain,0
A0298,10401,Employee Attitude,1
N0299,7793,No Complain,0
N0300,9303,No Complain,0
N0301,6853,No Complain,0
N0302,7366,No Complain,0
N0303,9780,No Complain,0
N0304,7573,No Complain,0
N0305,1379,No Complain,0
N0306,8923,No Complain,0
N0307,3547,No Complain,0
N0308,8707,No Complain,0
N0309,1891,No Complain,0
N0310,6271,No Complain,0
N0311,9635,No Complain,0
N0312,9727,No Complain,0
N0313,6205,No Complain,0
N0314,10681,No Complain,0
N0315,5156,No Complain,0
N0316,3050,No Complain,0
N0317,8164,No Complain,0
N0318,5626,No Complain,0
N0319,7600,No Complain,0
N0320,6406,No Complain,0
N0321,7002,No Complain,0
N0322,8234,No Complain,0
N0323,6116,No Complain,0
N0324,291,No Complain,0
N0325,8779,No Complain,0
N0326,4931,No Complain,0
N0327,1650,No Complain,0
N0328,9701,No Complain,0
N0329,6431,No Complain,0
N0330,10789,No Complain,0
N0331,5302,No Complain,0
N0332,4459,No Complain,0
N0333,10642,No Complain,0
N0334,9213,No Complain,0
N0335,3678,No Complain,0
N0336,3698,No Complain,0
N0337,5929,No Complain,0
N0338,10795,No Complain,0
N0339,4390,No Complain,0
N0340,9362,No Complain,0
N0341,1577,No Complain,0
N0342,4609,No Complain,0
N0343,7143,No Complain,0
N0344,1729,No Complain,0
N0345,10664,No Complain,0
N0346,5029,No Complain,0
N0347,10507,No Complain,0
N0348,3865,No Complain,0
N0349,6982,No Complain,0
N0350,7042,No Complain,0
N0351,9668,No Complain,0
N0352,6878,No Complain,0
N0353,4099,No Complain,0
N0354,5031,No Complain,0
N0355,1970,No Complain,0
A0356,5726,Employee Attitude,1
N0357,5231,No Complain,0
N0358,1307,No Complain,0
N0359,10609,No Complain,0
N0360,5782,No Complain,0
N0361,7533,No Complain,0
N0362,9493,No Complain,0
N0363,2253,No Complain,0
N0364,2326,No Complain,0
N0365,1876,No Complain,0
N0366,7141,No Complain,0
N0367,7393,No Complain,0
N0368,4713,No Complain,0
N0369,5093,No Complain,0
N0370,8524,No Complain,0
N0371,3766,No Complain,0
N0372,9725,No Complain,0
N0373,8933,No Complain,0
N0374,10779,No Complain,0
N0375,9289,No Complain,0
N0376,2613,No Complain,0
N0377,10133,No Complain,0
N0378,8443,No Complain,0
N0379,10796,No Complain,0
N0380,10241,No Complain,0
N0381,3388,No Complain,0
N0382,6507,No Complain,0
N0383,7446,No Complain,0
N0384,87,No Complain,0
N0385,10477,No Complain,0
N0386,6072,No Complain,0
N0387,2518,No Complain,0
N0388,247,No Complain,0
N0389,9463,No Complain,0
N0390,1459,No Complain,0
N0391,9530,No Complain,0
N0392,9653,No Complain,0
N0393,10785,No Complain,0
N0394,9392,No Complain,0
N0395,3769,No Complain,0
N0396,10146,No Complain,0
N0397,4741,No Complain,0
N0398,1880,No Complain,0
N0399,6471,No Complain,0
N0400,5718,No Complain,0
N0401,3478,No Complain,0
N0402,7848,No Complain,0
N0403,7999,No Complain,0
N0404,11101,No Complain,0
N0405,9212,No Complain,0
N0406,10983,No Complain,0
N0407,3629,No Complain,0
N0408,4673,No Complain,0
N0409,796,No Complain,0
N0410,618,No Complain,0
N0411,380,No Complain,0
N0412,1092,No Complain,0
N0413,8962,No Complain,0
N0414,8207,No Complain,0
N0415,6521,No Complain,0
N0416,535,No Complain,0
N0417,4608,No Complain,0
N0418,11086,No Complain,0
N0419,1064,No Complain,0
N0420,7000,No Complain,0
N0421,1581,No Complain,0
N0422,7384,No Complain,0
N0423,10552,No Complain,0
N0424,6409,No Complain,0
N0425,9507,No Complain,0
N0426,9560,No Complain,0
N0427,10991,No Complain,0
N0428,4712,No Complain,0
N0429,11056,No Complain,0
N0430,7414,No Complain,0
N0431,3076,No Complain,0
N0432,6355,No Complain,0
N0433,7959,No Complain,0
N0434,5512,No Complain,0
N0435,10102,No Complain,0
N0436,9369,No Complain,0
N0437,3711,No Complain,0
N0438,6931,No Complain,0
N0439,9596,No Complain,0
N0440,2727,No Complain,0
N0441,8416,No Complain,0
N0442,3967,No Complain,0
N0443,2139,No Complain,0
N0444,2162,No Complain,0
N0445,9242,No Complain,0
N0446,10595,No Complain,0
N0447,4855,No Complain,0
N0448,5049,No Complain,0
N0449,4967,No Complain,0
N0450,5255,No Complain,0
N0451,9215,No Complain,0
N0452,3525,No Complain,0
N0453,3619,No Complain,0
N0454,4415,No Complain,0
N0455,3645,No Complain,0
N0456,4692,No Complain,0
N0457,3955,No Complain,0
N0458,5313,No Complain,0
N0459,7196,No Complain,0
N0460,1381,No Complain,0
N0461,10951,No Complain,0
N0462,4322,No Complain,0
N0463,7444,No Complain,0
N0464,2942,No Complain,0
N0465,2874,No Complain,0
N0466,3667,No Complain,0
N0467,3697,No Complain,0
N0468,9955,No Complain,0
N0469,5320,No Complain,0
N0470,6422,No Complain,0
N0471,3690,No Complain,0
N0472,2408,No Complain,0
N0473,9260,No Complain,0
N0474,9648,No Complain,0
N0475,4939,No Complain,0
N0476,8652,No Complain,0
N0477,4702,No Complain,0
N0478,2587,No Complain,0
N0479,2811,No Complain,0
N0480,9150,No Complain,0
N0481,10127,No Complain,0
N0482,5493,No Complain,0
N0483,2666,No Complain,0
N0484,10099,No Complain,0
N0485,10562,No Complain,0
N0486,7881,No Complain,0
N0487,6721,No Complain,0
N0488,5204,No Complain,0
N0489,5209,No Complain,0
N0490,10128,No Complain,0
N0491,9284,No Complain,0
N0492,8643,No Complain,0
N0493,1685,No Complain,0
N0494,2877,No Complain,0
N0495,8369,No Complain,0
N0496,6233,No Complain,0
N0497,195,No Complain,0
N0498,1501,No Complain,0
N0499,10846,No Complain,0
N0500,8341,No Complain,0
N0501,10766,No Complain,0
N0502,9971,No Complain,0
N0503,1740,No Complain,0
N0504,8737,No Complain,0
N0505,6466,No Complain,0
N0506,10430,No Complain,0
N0507,8773,No Complain,0
N0508,2371,No Complain,0
N0509,7786,No Complain,0
N0510,4088,No Complain,0
N0511,4971,No Complain,0
N0512,10560,No Complain,0
N0513,6892,No Complain,0
N0514,11004,No Complain,0
N0515,1818,No Complain,0
N0516,9485,No Complain,0
N0517,6646,No Complain,0
N0518,4248,No Complain,0
N0519,7451,No Complain,0
N0520,7861,No Complain,0
N0521,5232,No Complain,0
N0522,3011,No Complain,0
N0523,5758,No Complain,0
N0524,2173,No Complain,0
N0525,10711,No Complain,0
N0526,8268,No Complain,0
N0527,2782,No Complain,0
N0528,9432,No Complain,0
N0529,5872,No Complain,0
N0530,11187,No Complain,0
N0531,2428,No Complain,0
N0532,1726,No Complain,0
N0533,1802,No Complain,0
N0534,1162,No Complain,0
N0535,10643,No Complain,0
N0536,11112,No Complain,0
N0537,2114,No Complain,0
N0538,4261,No Complain,0
N0539,2457,No Complain,0
N0540,2495,No Complain,0
N0541,6983,No Complain,0
N0542,3436,No Complain,0
N0543,7505,No Complain,0
N0544,4286,No Complain,0
N0545,7224,No Complain,0
N0546,6215,No Complain,0
N0547,968,No Complain,0
N0548,4096,No Complain,0
N0549,3153,No Complain,0
N0550,6504,No Complain,0
N0551,5329,No Complain,0
N0552,1175,No Complain,0
N0553,1377,No Complain,0
N0554,4607,No Complain,0
N0555,4944,No Complain,0
S0556,9483,Shipping Issue,1
N0557,1378,No Complain,0
N0558,5991,No Complain,0
N0559,2807,No Complain,0
N0560,1052,No Complain,0
N0561,9760,No Complain,0
N0562,7101,No Complain,0
N0563,9909,No Complain,0
N0564,5907,No Complain,0
N0565,793,No Complain,0
N0566,8832,No Complain,0
N0567,2535,No Complain,0
N0568,1523,No Complain,0
N0569,1839,No Complain,0
N0570,9972,No Complain,0
N0571,2945,No Complain,0
N0572,9291,No Complain,0
N0573,2829,No Complain,0
N0574,8594,No Complain,0
N0575,1592,No Complain,0
N0576,4310,No Complain,0
N0577,6950,No Complain,0
N0578,8492,No Complain,0
N0579,5684,No Complain,0
N0580,5909,No Complain,0
N0581,9855,No Complain,0
N0582,975,No Complain,0
N0583,8754,No Complain,0
N0584,1456,No Complain,0
N0585,2849,No Complain,0
N0586,9984,No Complain,0
N0587,5527,No Complain,0
N0588,5628,No Complain,0
N0589,7627,No Complain,0
N0590,1351,No Complain,0
N0591,10629,No Complain,0
N0592,10395,No Complain,0
N0593,6961,No Complain,0
N0594,10196,No Complain,0
N0595,6182,No Complain,0
N0596,10432,No Complain,0
N0597,1542,No Complain,0
N0598,4220,No Complain,0
N0599,4141,No Complain,0
N0600,1940,No Complain,0
N0601,1506,No Complain,0
N0602,6347,No Complain,0
N0603,1361,No Complain,0
N0604,9422,No Complain,0
N0605,1081,No Complain,0
N0606,7458,No Complain,0
N0607,1012,No Complain,0
N0608,5453,No Complain,0
N0609,6818,No Complain,0
N0610,7807,No Complain,0
N0611,7532,No Complain,0
N0612,8346,No Complain,0
N0613,5564,No Complain,0
N0614,3267,No Complain,0
N0615,3091,No Complain,0
N0616,762,No Complain,0
N0617,8029,No Complain,0
N0618,4376,No Complain,0
N0619,10981,No Complain,0
N0620,486,No Complain,0
N0621,1158,No Complain,0
N0622,9119,No Complain,0
N0623,6694,No Complain,0
N0624,10573,No Complain,0
N0625,10140,No Complain,0
N0626,2286,No Complain,0
N0627,8420,No Complain,0
N0628,10065,No Complain,0
N0629,1029,No Complain,0
N0630,4207,No Complain,0
N0631,10277,No Complain,0
N0632,4436,No Complain,0
N0633,2929,No Complain,0
N0634,6281,No Complain,0
N0635,10390,No Complain,0
N0636,2574,No Complain,0
N0637,709,No Complain,0
N0638,5955,No Complain,0
N0639,8486,No Complain,0
N0640,10343,No Complain,0
N0641,6652,No Complain,0
N0642,8746,No Complain,0
N0643,4686,No Complain,0
N0644,3551,No Complain,0
N0645,4338,No Complain,0
N0646,4444,No Complain,0
N0647,498,No Complain,0
N0648,8230,No Complain,0
N0649,2826,No Complain,0
N0650,6222,No Complain,0
N0651,7352,No Complain,0
N0652,10928,No Complain,0
N0653,10736,No Complain,0
N0654,10163,No Complain,0
N0655,6168,No Complain,0
N0656,4656,No Complain,0
N0657,626,No Complain,0
N0658,3870,No Complain,0
N0659,6299,No Complain,0
N0660,7798,No Complain,0
N0661,9973,No Complain,0
N0662,4299,No Complain,0
S0663,10971,Shipping Issue,1
N0664,9931,No Complain,0
N0665,6679,No Complain,0
N0666,5961,No Complain,0
N0667,6255,No Complain,0
N0668,8614,No Complain,0
N0669,7828,No Complain,0
N0670,1277,No Complain,0
N0671,3595,No Complain,0
N0672,5735,No Complain,0
N0673,5350,No Complain,0
N0674,4137,No Complain,0
N0675,6357,No Complain,0
N0676,9316,No Complain,0
N0677,3578,No Complain,0
N0678,153,No Complain,0
N0679,10524,No Complain,0
N0680,1518,No Complain,0
N0681,2036,No Complain,0
N0682,9495,No Complain,0
N0683,2631,No Complain,0
N0684,6312,No Complain,0
N0685,615,No Complain,0
N0686,4406,No Complain,0
N0687,10061,No Complain,0
N0688,10619,No Complain,0
N0689,4945,No Complain,0
N0690,1777,No Complain,0
N0691,4023,No Complain,0
N0692,7922,No Complain,0
N0693,10699,No Complain,0
N0694,7516,No Complain,0
N0695,3129,No Complain,0
N0696,5121,No Complain,0
N0697,2186,No Complain,0
N0698,10548,No Complain,0
N0699,6384,No Complain,0
N0700,2625,No Complain,0
N0701,1676,No Complain,0
N0702,5534,No Complain,0
N0703,6859,No Complain,0
N0704,271,No Complain,0
N0705,7699,No Complain,0
N0706,7832,No Complain,0
N0707,938,No Complain,0
N0708,7873,No Complain,0
N0709,9967,No Complain,0
N0710,1087,No Complain,0
N0711,8314,No Complain,0
N0712,3762,No Complain,0
N0713,10383,No Complain,0
N0714,6798,No Complain,0
N0715,4168,No Complain,0
N0716,6690,No Complain,0
N0717,10602,No Complain,0
N0718,3220,No Complain,0
N0719,5424,No Complain,0
N0720,7488,No Complain,0
N0721,5289,No Complain,0
N0722,347,No Complain,0
N0723,5236,No Complain,0
N0724,9478,No Complain,0
N0725,477,No Complain,0
N0726,7411,No Complain,0
N0727,3107,No Complain,0
N0728,7437,No Complain,0
S0729,255,Shipping Issue,1
N0730,3790,No Complain,0
N0731,749,No Complain,0
N0732,1503,No Complain,0
N0733,8650,No Complain,0
N0734,607,No Complain,0
N0735,1008,No Complain,0
N0736,9396,No Complain,0
N0737,933,No Complain,0
N0738,5710,No Complain,0
N0739,2882,No Complain,0
N0740,2379,No Complain,0
N0741,5342,No Complain,0
N0742,3262,No Complain,0
N0743,5832,No Complain,0
N0744,5025,No Complain,0
N0745,569,No Complain,0
N0746,3102,No Complain,0
N0747,9449,No Complain,0
N0748,8104,No Complain,0
N0749,75,No Complain,0
N0750,6421,No Complain,0
N0751,3037,No Complain,0
N0752,4698,No Complain,0
N0753,948,No Complain,0
N0754,6177,No Complain,0
N0755,3517,No Complain,0
N0756,3491,No Complain,0
N0757,7610,No Complain,0
N0758,4377,No Complain,0
N0759,9850,No Complain,0
N0760,5544,No Complain,0
N0761,6497,No Complain,0
N0762,4543,No Complain,0
N0763,5117,No Complain,0
N0764,1448,No Complain,0
N0765,6887,No Complain,0
N0766,7500,No Complain,0
N0767,2724,No Complain,0
N0768,2256,No Complain,0
N0769,1100,No Complain,0
N0770,7725,No Complain,0
N0771,2612,No Complain,0
N0772,113,No Complain,0
N0773,2868,No Complain,0
N0774,4216,No Complain,0
N0775,199,No Complain,0
S0776,359,Shipping Issue,1
N0777,8842,No Complain,0
N0778,2154,No Complain,0
N0779,6050,No Complain,0
N0780,9204,No Complain,0
N0781,4472,No Complain,0
N0782,6864,No Complain,0
N0783,10617,No Complain,0
N0784,3924,No Complain,0
N0785,5654,No Complain,0
N0786,9216,No Complain,0
N0787,8086,No Complain,0
N0788,9097,No Complain,0
N0789,7631,No Complain,0
N0790,7275,No Complain,0
N0791,8334,No Complain,0
N0792,1987,No Complain,0
N0793,2281,No Complain,0
N0794,7034,No Complain,0
N0795,2797,No Complain,0
N0796,3934,No Complain,0
N0797,2493,No Complain,0
N0798,3759,No Complain,0
N0799,965,No Complain,0
N0800,7378,No Complain,0
N0801,1859,No Complain,0
N0802,6263,No Complain,0
N0803,2072,No Complain,0
N0804,8908,No Complain,0
N0805,738,No Complain,0
N0806,10129,No Complain,0
N0807,807,No Complain,0
N0808,3334,No Complain,0
N0809,5423,No Complain,0
N0810,4426,No Complain,0
N0811,10489,No Complain,0
N0812,2570,No Complain,0
N0813,3834,No Complain,0
N0814,590,No Complain,0
N0815,4791,No Complain,0
N0816,5304,No Complain,0
N0817,2426,No Complain,0
N0818,35,No Complain,0
N0819,8041,No Complain,0
N0820,3584,No Complain,0
N0821,7718,No Complain,0
N0822,8605,No Complain,0
N0823,1646,No Complain,0
N0824,9206,No Complain,0
N0825,10757,No Complain,0
N0826,6885,No Complain,0
N0827,907,No Complain,0
N0828,1150,No Complain,0
N0829,3867,No Complain,0
N0830,3859,No Complain,0
N0831,3265,No Complain,0
N0832,4418,No Complain,0
N0833,4611,No Complain,0
N0834,4530,No Complain,0
N0835,7736,No Complain,0
N0836,9949,No Complain,0
N0837,942,No Complain,0
N0838,6181,No Complain,0
N0839,7660,No Complain,0
N0840,2055,No Complain,0
N0841,5107,No Complain,0
N0842,1626,No Complain,0
N0843,6428,No Complain,0
N0844,9617,No Complain,0
N0845,4339,No Complain,0
N0846,7235,No Complain,0
N0847,8527,No Complain,0
N0848,1968,No Complain,0
N0849,9862,No Complain,0
N0850,11075,No Complain,0
N0851,6658,No Complain,0
N0852,4552,No Complain,0
N0853,10377,No Complain,0
N0854,5336,No Complain,0
N0855,10350,No Complain,0
N0856,11071,No Complain,0
N0857,11100,No Complain,0
N0858,6516,No Complain,0
N0859,1734,No Complain,0
N0860,2131,No Complain,0
N0861,6439,No Complain,0
N0862,10591,No Complain,0
N0863,9797,No Complain,0
N0864,9336,No Complain,0
N0865,2174,No Complain,0
N0866,3197,No Complain,0
N0867,9185,No Complain,0
N0868,905,No Complain,0
N0869,10858,No Complain,0
N0870,8925,No Complain,0
N0871,2499,No Complain,0
N0872,1109,No Complain,0
N0873,326,No Complain,0
N0874,10967,No Complain,0
N0875,5370,No Complain,0
N0876,2098,No Complain,0
N0877,1773,No Complain,0
N0878,5036,No Complain,0
N0879,4856,No Complain,0
N0880,8722,No Complain,0
N0881,2156,No Complain,0
N0882,2569,No Complain,0
N0883,10151,No Complain,0
N0884,10473,No Complain,0
N0885,7079,No Complain,0
N0886,6875,No Complain,0
N0887,6728,No Complain,0
N0888,2471,No Complain,0
N0889,49,No Complain,0
N0890,4973,No Complain,0
N0891,6387,No Complain,0
N0892,5866,No Complain,0
N0893,8523,No Complain,0
N0894,7901,No Complain,0
N0895,898,No Complain,0
N0896,10242,No Complain,0
N0897,5835,No Complain,0
N0898,6919,No Complain,0
N0899,6197,No Complain,0
N0900,10475,No Complain,0
N0901,4201,No Complain,0
N0902,5092,No Complain,0
N0903,6566,No Complain,0
N0904,6613,No Complain,0
N0905,9094,No Complain,0
N0906,9847,No Complain,0
N0907,10767,No Complain,0
N0908,7943,No Complain,0
N0909,1055,No Complain,0
N0910,1458,No Complain,0
N0911,8402,No Complain,0
N0912,6246,No Complain,0
N0913,4654,No Complain,0
N0914,6103,No Complain,0
N0915,8147,No Complain,0
N0916,10207,No Complain,0
N0917,4838,No Complain,0
N0918,10219,No Complain,0
N0919,2176,No Complain,0
N0920,9121,No Complain,0
N0921,5802,No Complain,0
N0922,10790,No Complain,0
N0923,178,No Complain,0
N0924,2308,No Complain,0
N0925,7431,No Complain,0
N0926,9405,No Complain,0
N0927,10525,No Complain,0
N0928,7503,No Complain,0
N0929,8783,No Complain,0
N0930,1403,No Complain,0
N0931,4643,No Complain,0
N0932,3463,No Complain,0
N0933,4055,No Complain,0
N0934,7010,No Complain,0
N0935,4767,No Complain,0
N0936,1927,No Complain,0
N0937,437,No Complain,0
N0938,4331,No Complain,0
N0939,4084,No Complain,0
N0940,8135,No Complain,0
N0941,9750,No Complain,0
N0942,6682,No Complain,0
N0943,10581,No Complain,0
S0944,3710,Shipping Issue,1
N0945,5207,No Complain,0
N0946,9360,No Complain,0
N0947,4679,No Complain,0
N0948,1340,No Complain,0
N0949,10839,No Complain,0
N0950,5303,No Complain,0
N0951,9829,No Complain,0
N0952,10469,No Complain,0
N0953,3602,No Complain,0
N0954,4756,No Complain,0
N0955,8181,No Complain,0
N0956,6958,No Complain,0
N0957,10856,No Complain,0
N0958,3321,No Complain,0
N0959,5394,No Complain,0
N0960,433,No Complain,0
N0961,6320,No Complain,0
N0962,5376,No Complain,0
N0963,1867,No Complain,0
N0964,4324,No Complain,0
N0965,3661,No Complain,0
N0966,521,No Complain,0
N0967,10403,No Complain,0
N0968,7186,No Complain,0
N0969,4329,No Complain,0
N0970,4394,No Complain,0
N0971,1717,No Complain,0
N0972,1016,No Complain,0
N0973,3783,No Complain,0
N0974,5848,No Complain,0
N0975,10727,No Complain,0
N0976,5299,No Complain,0
N0977,6872,No Complain,0
N0978,1143,No Complain,0
N0979,10381,No Complain,0
N0980,11007,No Complain,0
N0981,9145,No Complain,0
N0982,5267,No Complain,0
N0983,9738,No Complain,0
N0984,10212,No Complain,0
N0985,10010,No Complain,0
N0986,10069,No Complain,0
N0987,2694,No Complain,0
N0988,10613,No Complain,0
N0989,4646,No Complain,0
N0990,6935,No Complain,0
N0991,5596,No Complain,0
N0992,1044,No Complain,0
N0993,9274,No Complain,0
N0994,9076,No Complain,0
N0995,4947,No Complain,0
N0996,10176,No Complain,0
N0997,3507,No Complain,0
N0998,9235,No Complain,0
N0999,10341,No Complain,0
N1000,2639,No Complain,0
S1001,6201,Shipping Issue,1
N1002,7397,No Complain,0
N1003,2181,No Complain,0
N1004,1204,No Complain,0
N1005,1170,No Complain,0
N1006,8812,No Complain,0
N1007,4690,No Complain,0
N1008,1715,No Complain,0
N1009,10821,No Complain,0
N1010,6543,No Complain,0
N1011,7119,No Complain,0
N1012,3518,No Complain,0
N1013,1245,No Complain,0
N1014,2561,No Complain,0
N1015,9624,No Complain,0
N1016,10509,No Complain,0
N1017,7629,No Complain,0
N1018,7875,No Complain,0
N1019,2815,No Complain,0
N1020,2936,No Complain,0
N1021,3665,No Complain,0
N1022,10888,No Complain,0
N1023,6637,No Complain,0
N1024,5077,No Complain,0
N1025,6173,No Complain,0
N1026,3969,No Complain,0
N1027,4580,No Complain,0
N1028,663,No Complain,0
N1029,8299,No Complain,0
N1030,8945,No Complain,0
N1031,10870,No Complain,0
N1032,1184,No Complain,0
N1033,6141,No Complain,0
N1034,8825,No Complain,0
N1035,2217,No Complain,0
N1036,4102,No Complain,0
N1037,4653,No Complain,0
N1038,10092,No Complain,0
N1039,5788,No Complain,0
N1040,4669,No Complain,0
N1041,6295,No Complain,0
N1042,7453,No Complain,0
N1043,10841,No Complain,0
N1044,821,No Complain,0
N1045,3933,No Complain,0
N1046,1225,No Complain,0
N1047,7059,No Complain,0
N1048,5633,No Complain,0
N1049,843,No Complain,0
N1050,6211,No Complain,0
N1051,7007,No Complain,0
N1052,9671,No Complain,0
N1053,8975,No Complain,0
N1054,6616,No Complain,0
N1055,6248,No Complain,0
N1056,7428,No Complain,0
N1057,3075,No Complain,0
N1058,2937,No Complain,0
N1059,203,No Complain,0
N1060,2021,No Complain,0
N1061,880,No Complain,0
N1062,524,No Complain,0
N1063,10837,No Complain,0
N1064,7011,No Complain,0
N1065,4184,No Complain,0
N1066,7679,No Complain,0
N1067,7485,No Complain,0
N1068,7530,No Complain,0
N1069,4369,No Complain,0
N1070,10652,No Complain,0
N1071,286,No Complain,0
N1072,5922,No Complain,0
N1073,7250,No Complain,0
N1074,2478,No Complain,0
N1075,1160,No Complain,0
N1076,9214,No Complain,0
N1077,273,No Complain,0
N1078,851,No Complain,0
N1079,9729,No Complain,0
N1080,9665,No Complain,0
N1081,2620,No Complain,0
N1082,8254,No Complain,0
N1083,3852,No Complain,0
N1084,1000,No Complain,0
N1085,3099,No Complain,0
N1086,6318,No Complain,0
N1087,5396,No Complain,0
S1088,7966,Shipping Issue,1
N1089,454,No Complain,0
N1090,309,No Complain,0
N1091,3571,No Complain,0
N1092,8395,No Complain,0
N1093,2591,No Complain,0
N1094,1640,No Complain,0
N1095,810,No Complain,0
N1096,9423,No Complain,0
N1097,4345,No Complain,0
N1098,89,No Complain,0
N1099,5294,No Complain,0
N1100,1321,No Complain,0
N1101,2686,No Complain,0
N1102,1215,No Complain,0
N1103,9283,No Complain,0
A1104,3120,Employee Attitude,1
N1105,5868,No Complain,0
N1106,8143,No Complain,0
N1107,3479,No Complain,0
N1108,7214,No Complain,0
N1109,5543,No Complain,0
N1110,9347,No Complain,0
N1111,10160,No Complain,0
N1112,1406,No Complain,0
N1113,7019,No Complain,0
N1114,2157,No Complain,0
N1115,8939,No Complain,0
N1116,10250,No Complain,0
N1117,1272,No Complain,0
N1118,3007,No Complain,0
N1119,5513,No Complain,0
N1120,679,No Complain,0
N1121,8876,No Complain,0
N1122,10827,No Complain,0
N1123,7300,No Complain,0
N1124,4268,No Complain,0
N1125,4603,No Complain,0
N1126,8659,No Complain,0
N1127,10708,No Complain,0
N1128,1176,No Complain,0
N1129,10380,No Complain,0
N1130,7037,No Complain,0
N1131,11096,No Complain,0
N1132,6374,No Complain,0
N1133,5552,No Complain,0
N1134,2245,No Complain,0
N1135,6200,No Complain,0
N1136,9904,No Complain,0
N1137,10031,No Complain,0
N1138,6642,No Complain,0
N1139,10882,No Complain,0
N1140,5636,No Complain,0
N1141,8692,No Complain,0
N1142,8091,No Complain,0
N1143,8080,No Complain,0
N1144,8370,No Complain,0
N1145,4550,No Complain,0
N1146,3381,No Complain,0
N1147,10556,No Complain,0
N1148,9467,No Complain,0
N1149,2891,No Complain,0
N1150,5011,No Complain,0
N1151,8140,No Complain,0
N1152,11039,No Complain,0
N1153,78,No Complain,0
N1154,5517,No Complain,0
N1155,5290,No Complain,0
N1156,4128,No Complain,0
N1157,8534,No Complain,0
N1158,9592,No Complain,0
N1159,8957,No Complain,0
N1160,9308,No Complain,0
N1161,544,No Complain,0
N1162,5989,No Complain,0
N1163,635,No Complain,0
N1164,6673,No Complain,0
N1165,1710,No Complain,0
N1166,523,No Complain,0
N1167,8977,No Complain,0
N1168,9736,No Complain,0
N1169,1544,No Complain,0
N1170,6575,No Complain,0
N1171,6147,No Complain,0
N1172,6354,No Complain,0
N1173,4769,No Complain,0
N1174,7540,No Complain,0
N1175,5247,No Complain,0
N1176,5987,No Complain,0
N1177,9960,No Complain,0
N1178,10972,No Complain,0
N1179,1399,No Complain,0
N1180,2698,No Complain,0
N1181,6340,No Complain,0
N1182,4107,No Complain,0
N1183,10906,No Complain,0
N1184,2557,No Complain,0
N1185,8786,No Complain,0
N1186,7187,No Complain,0
N1187,6119,No Complain,0
N1188,2980,No Complain,0
N1189,3850,No Complain,0
N1190,1077,No Complain,0
N1191,9733,No Complain,0
N1192,8462,No Complain,0
N1193,4764,No Complain,0
N1194,2223,No Complain,0
N1195,7788,No Complain,0
N1196,5827,No Complain,0
N1197,2958,No Complain,0
N1198,4954,No Complain,0
N1199,3139,No Complain,0
N1200,9952,No Complain,0
N1201,8180,No Complain,0
N1202,3276,No Complain,0
N1203,4994,No Complain,0
N1204,3598,No Complain,0
N1205,945,No Complain,0
N1206,5048,No Complain,0
N1207,6214,No Complain,0
N1208,6230,No Complain,0
N1209,2968,No Complain,0
N1210,8800,No Complain,0
N1211,1907,No Complain,0
N1212,10478,No Complain,0
N1213,4188,No Complain,0
N1214,8720,No Complain,0
N1215,2225,No Complain,0
N1216,4790,No Complain,0
N1217,1131,No Complain,0
N1218,202,No Complain,0
N1219,9589,No Complain,0
N1220,3900,No Complain,0
N1221,9958,No Complain,0
N1222,8955,No Complain,0
N1223,10033,No Complain,0
N1224,5751,No Complain,0
N1225,3308,No Complain,0
N1226,7297,No Complain,0
N1227,8008,No Complain,0
N1228,1232,No Complain,0
N1229,2345,No Complain,0
N1230,1628,No Complain,0
N1231,5081,No Complain,0
N1232,839,No Complain,0
N1233,3706,No Complain,0
N1234,5154,No Complain,0
N1235,8584,No Complain,0
N1236,6583,No Complain,0
N1237,3433,No Complain,0
N1238,10486,No Complain,0
N1239,8687,No Complain,0
N1240,7842,No Complain,0
N1241,3749,No Complain,0
N1242,1331,No Complain,0
N1243,5995,No Complain,0
N1244,8985,No Complain,0
N1245,2798,No Complain,0
N1246,7108,No Complain,0
N1247,2781,No Complain,0
N1248,3623,No Complain,0
N1249,194,No Complain,0
N1250,10833,No Complain,0
N1251,2315,No Complain,0
N1252,6336,No Complain,0
N1253,10738,No Complain,0
N1254,8286,No Complain,0
N1255,2166,No Complain,0
N1256,10691,No Complain,0
N1257,9739,No Complain,0
N1258,1829,No Complain,0
N1259,6260,No Complain,0
N1260,10448,No Complain,0
N1261,1343,No Complain,0
N1262,4749,No Complain,0
N1263,531,No Complain,0
N1264,6905,No Complain,0
N1265,1045,No Complain,0
N1266,4012,No Complain,0
N1267,5529,No Complain,0
N1268,4001,No Complain,0
N1269,10420,No Complain,0
N1270,7723,No Complain,0
N1271,2963,No Complain,0
N1272,10634,No Complain,0
N1273,5180,No Complain,0
N1274,6866,No Complain,0
N1275,1328,No Complain,0
N1276,1139,No Complain,0
N1277,4961,No Complain,0
N1278,5177,No Complain,0
N1279,2075,No Complain,0
N1280,3428,No Complain,0
N1281,4500,No Complain,0
N1282,7369,No Complain,0
N1283,4381,No Complain,0
N1284,9964,No Complain,0
N1285,1630,No Complain,0
N1286,5012,No Complain,0
N1287,6918,No Complain,0
N1288,7822,No Complain,0
N1289,10156,No Complain,0
N1290,3033,No Complain,0
N1291,4119,No Complain,0
N1292,11110,No Complain,0
N1293,332,No Complain,0
N1294,737,No Complain,0
N1295,10319,No Complain,0
N1296,2683,No Complain,0
N1297,3445,No Complain,0
N1298,10913,No Complain,0
S1299,4427,Shipping Issue,1
N1300,8717,No Complain,0
N1301,2066,No Complain,0
N1302,3340,No Complain,0
N1303,8685,No Complain,0
N1304,4149,No Complain,0
N1305,8726,No Complain,0
N1306,2295,No Complain,0
N1307,3283,No Complain,0
N1308,1915,No Complain,0
N1309,800,No Complain,0
N1310,9166,No Complain,0
N1311,5147,No Complain,0
N1312,13,No Complain,0
N1313,8557,No Complain,0
N1314,8724,No Complain,0
N1315,9381,No Complain,0
N1316,9384,No Complain,0
N1317,3560,No Complain,0
N1318,241,No Complain,0
N1319,7521,No Complain,0
N1320,9799,No Complain,0
N1321,5123,No Complain,0
N1322,448,No Complain,0
N1323,4837,No Complain,0
N1324,9365,No Complain,0
N1325,8932,No Complain,0
N1326,7055,No Complain,0
N1327,3537,No Complain,0
N1328,9081,No Complain,0
N1329,4988,No Complain,0
N1330,1050,No Complain,0
N1331,5610,No Complain,0
N1332,3526,No Complain,0
N1333,5136,No Complain,0
N1334,1411,No Complain,0
N1335,701,No Complain,0
N1336,6203,No Complain,0
P1337,7192,Payment Problem,1
N1338,5181,No Complain,0
N1339,9220,No Complain,0
N1340,7734,No Complain,0
N1341,10446,No Complain,0
N1342,5524,No Complain,0
N1343,3830,No Complain,0
N1344,5186,No Complain,0
N1345,8514,No Complain,0
N1346,7165,No Complain,0
N1347,10236,No Complain,0
N1348,2392,No Complain,0
N1349,1920,No Complain,0
N1350,3673,No Complain,0
N1351,1453,No Complain,0
N1352,4518,No Complain,0
N1353,8969,No Complain,0
N1354,387,No Complain,0
N1355,1079,No Complain,0
N1356,164,No Complain,0
N1357,3434,No Complain,0
N1358,5721,No Complain,0
N1359,8418,No Complain,0
N1360,5300,No Complain,0
N1361,10424,No Complain,0
N1362,11171,No Complain,0
N1363,1600,No Complain,0
N1364,7851,No Complain,0
N1365,10701,No Complain,0
N1366,891,No Complain,0
N1367,6912,No Complain,0
N1368,5967,No Complain,0
N1369,2109,No Complain,0
N1370,6292,No Complain,0
N1371,8537,No Complain,0
N1372,9576,No Complain,0
N1373,5935,No Complain,0
N1374,10264,No Complain,0
N1375,234,No Complain,0
N1376,3202,No Complain,0
N1377,1103,No Complain,0
N1378,610,No Complain,0
N1379,4480,No Complain,0
N1380,10660,No Complain,0
N1381,9353,No Complain,0
N1382,4120,No Complain,0
N1383,2836,No Complain,0
N1384,9579,No Complain,0
N1385,5841,No Complain,0
N1386,3174,No Complain,0
N1387,5536,No Complain,0
N1388,2061,No Complain,0
N1389,8477,No Complain,0
N1390,640,No Complain,0
N1391,3828,No Complain,0
N1392,4093,No Complain,0
N1393,8624,No Complain,0
N1394,2802,No Complain,0
N1395,368,No Complain,0
N1396,3599,No Complain,0
N1397,3389,No Complain,0
N1398,10710,No Complain,0
N1399,7118,No Complain,0
N1400,4937,No Complain,0
N1401,1127,No Complain,0
N1402,833,No Complain,0
N1403,3565,No Complain,0
N1404,6086,No Complain,0
N1405,1763,No Complain,0
N1406,4697,No Complain,0
N1407,182,No Complain,0
N1408,1165,No Complain,0
N1409,5386,No Complain,0
N1410,6024,No Complain,0
N1411,2678,No Complain,0
N1412,5790,No Complain,0
N1413,236,No Complain,0
N1414,6001,No Complain,0
N1415,6250,No Complain,0
N1416,1168,No Complain,0
N1417,10749,No Complain,0
N1418,2926,No Complain,0
N1419,716,No Complain,0
N1420,6544,No Complain,0
N1421,4298,No Complain,0
N1422,5823,No Complain,0
N1423,8375,No Complain,0
N1424,5723,No Complain,0
N1425,5763,No Complain,0
N1426,8727,No Complain,0
N1427,3056,No Complain,0
N1428,8442,No Complain,0
N1429,3712,No Complain,0
N1430,10722,No Complain,0
N1431,2406,No Complain,0
N1432,7313,No Complain,0
N1433,2656,No Complain,0
N1434,1993,No Complain,0
N1435,4136,No Complain,0
N1436,2928,No Complain,0
N1437,2920,No Complain,0
N1438,6661,No Complain,0
N1439,5462,No Complain,0
N1440,10897,No Complain,0
N1441,10542,No Complain,0
N1442,5756,No Complain,0
N1443,3570,No Complain,0
N1444,1072,No Complain,0
N1445,9606,No Complain,0
N1446,2730,No Complain,0
N1447,2995,No Complain,0
N1448,8210,No Complain,0
N1449,773,No Complain,0
N1450,5272,No Complain,0
N1451,5125,No Complain,0
N1452,4391,No Complain,0
N1453,6283,No Complain,0
N1454,3421,No Complain,0
N1455,5731,No Complain,0
N1456,7152,No Complain,0
N1457,3919,No Complain,0
N1458,6097,No Complain,0
N1459,5150,No Complain,0
N1460,10479,No Complain,0
N1461,5966,No Complain,0
N1462,3439,No Complain,0
N1463,6609,No Complain,0
N1464,5393,No Complain,0
N1465,9014,No Complain,0
N1466,4050,No Complain,0
N1467,6862,No Complain,0
N1468,8315,No Complain,0
N1469,5184,No Complain,0
N1470,3643,No Complain,0
N1471,2589,No Complain,0
N1472,4887,No Complain,0
N1473,10104,No Complain,0
N1474,3254,No Complain,0
N1475,2004,No Complain,0
A1476,6142,Employee Attitude,1
N1477,8553,No Complain,0
N1478,9805,No Complain,0
N1479,849,No Complain,0
N1480,1606,No Complain,0
N1481,125,No Complain,0
N1482,9305,No Complain,0
N1483,4706,No Complain,0
N1484,4437,No Complain,0
N1485,3081,No Complain,0
N1486,3536,No Complain,0
N1487,8686,No Complain,0
N1488,9707,No Complain,0
N1489,10872,No Complain,0
N1490,9058,No Complain,0
N1491,4640,No Complain,0
N1492,2525,No Complain,0
N1493,9503,No Complain,0
N1494,10704,No Complain,0
N1495,2669,No Complain,0
N1496,10037,No Complain,0
N1497,5680,No Complain,0
N1498,3726,No Complain,0
N1499,4548,No Complain,0
N1500,4599,No Complain,0
N1501,879,No Complain,0
N1502,7409,No Complain,0
N1503,1964,No Complain,0
N1504,0,No Complain,0
N1505,4860,No Complain,0
N1506,425,No Complain,0
P1507,9500,Payment Problem,1
N1508,3074,No Complain,0
N1509,5140,No Complain,0
N1510,2611,No Complain,0
N1511,916,No Complain,0
N1512,10413,No Complain,0
N1513,3696,No Complain,0
N1514,304,No Complain,0
N1515,5113,No Complain,0
N1516,2863,No Complain,0
N1517,4597,No Complain,0
N1518,675,No Complain,0
N1519,4483,No Complain,0
N1520,1502,No Complain,0
N1521,736,No Complain,0
N1522,4487,No Complain,0
N1523,3412,No Complain,0
N1524,1744,No Complain,0
N1525,5837,No Complain,0
N1526,3422,No Complain,0
N1527,7462,No Complain,0
N1528,10702,No Complain,0
N1529,2115,No Complain,0
N1530,4138,No Complain,0
N1531,11091,No Complain,0
N1532,7712,No Complain,0
N1533,3535,No Complain,0
N1534,5899,No Complain,0
N1535,8749,No Complain,0
N1536,10955,No Complain,0
N1537,9491,No Complain,0
N1538,5286,No Complain,0
N1539,3409,No Complain,0
N1540,2544,No Complain,0
N1541,2118,No Complain,0
N1542,9370,No Complain,0
N1543,4864,No Complain,0
N1544,405,No Complain,0
N1545,10513,No Complain,0
N1546,5138,No Complain,0
N1547,8387,No Complain,0
N1548,378,No Complain,0
N1549,5846,No Complain,0
N1550,8870,No Complain,0
N1551,10340,No Complain,0
N1552,7290,No Complain,0
N1553,8895,No Complain,0
N1554,3635,No Complain,0
N1555,11178,No Complain,0
N1556,2410,No Complain,0
N1557,3281,No Complain,0
N1558,9905,No Complain,0
N1559,2437,No Complain,0
N1560,2565,No Complain,0
N1561,7912,No Complain,0
N1562,7072,No Complain,0
N1563,1409,No Complain,0
N1564,5314,No Complain,0
N1565,7215,No Complain,0
N1566,8858,No Complain,0
N1567,895,No Complain,0
N1568,10313,No Complain,0
N1569,642,No Complain,0
N1570,8504,No Complain,0
N1571,1020,No Complain,0
N1572,3717,No Complain,0
N1573,7646,No Complain,0
N1574,5796,No Complain,0
N1575,8625,No Complain,0
N1576,5407,No Complain,0
N1577,4356,No Complain,0
N1578,2886,No Complain,0
N1579,10057,No Complain,0
N1580,10741,No Complain,0
N1581,5491,No Complain,0
N1582,4442,No Complain,0
N1583,3972,No Complain,0
N1584,2431,No Complain,0
N1585,7899,No Complain,0
N1586,9703,No Complain,0
N1587,6927,No Complain,0
N1588,7005,No Complain,0
N1589,246,No Complain,0
N1590,4796,No Complain,0
N1591,4725,No Complain,0
N1592,3286,No Complain,0
N1593,10680,No Complain,0
N1594,4297,No Complain,0
N1595,7327,No Complain,0
N1596,1553,No Complain,0
N1597,1665,No Complain,0
N1598,10640,No Complain,0
N1599,7620,No Complain,0
N1600,7761,No Complain,0
N1601,5062,No Complain,0
N1602,6349,No Complain,0
N1603,3386,No Complain,0
N1604,8175,No Complain,0
N1605,6245,No Complain,0
N1606,8780,No Complain,0
N1607,2276,No Complain,0
N1608,1172,No Complain,0
N1609,3225,No Complain,0
N1610,8629,No Complain,0
N1611,798,No Complain,0
N1612,269,No Complain,0
N1613,8213,No Complain,0
N1614,10245,No Complain,0
N1615,2447,No Complain,0
N1616,9817,No Complain,0
N1617,1371,No Complain,0
N1618,8093,No Complain,0
N1619,713,No Complain,0
N1620,11051,No Complain,0
N1621,5545,No Complain,0
N1622,5283,No Complain,0
N1623,5010,No Complain,0
N1624,7495,No Complain,0
N1625,4368,No Complain,0
N1626,6303,No Complain,0
N1627,1030,No Complain,0
N1628,10364,No Complain,0
N1629,6945,No Complain,0
N1630,8562,No Complain,0
N1631,2918,No Complain,0
N1632,9167,No Complain,0
N1633,4743,No Complain,0
N1634,10742,No Complain,0
N1635,10965,No Complain,0
N1636,7129,No Complain,0
N1637,3732,No Complain,0
N1638,7124,No Complain,0
N1639,10686,No Complain,0
N1640,7247,No Complain,0
N1641,1513,No Complain,0
N1642,460,No Complain,0
N1643,6653,No Complain,0
N1644,9400,No Complain,0
N1645,7106,No Complain,0
N1646,4252,No Complain,0
N1647,9240,No Complain,0
N1648,10770,No Complain,0
N1649,176,No Complain,0
N1650,6870,No Complain,0
N1651,143,No Complain,0
N1652,6445,No Complain,0
N1653,4278,No Complain,0
N1654,6906,No Complain,0
N1655,4637,No Complain,0
N1656,8690,No Complain,0
N1657,1173,No Complain,0
N1658,1928,No Complain,0
N1659,9029,No Complain,0
N1660,10299,No Complain,0
N1661,9246,No Complain,0
N1662,4943,No Complain,0
N1663,4122,No Complain,0
N1664,2853,No Complain,0
N1665,902,No Complain,0
N1666,1672,No Complain,0
N1667,7254,No Complain,0
N1668,8775,No Complain,0
N1669,9543,No Complain,0
N1670,7093,No Complain,0
N1671,2894,No Complain,0
N1672,5956,No Complain,0
N1673,1921,No Complain,0
N1674,5057,No Complain,0
N1675,10260,No Complain,0
N1676,2262,No Complain,0
N1677,7930,No Complain,0
N1678,1461,No Complain,0
N1679,7514,No Complain,0
N1680,6461,No Complain,0
N1681,257,No Complain,0
N1682,9460,No Complain,0
N1683,3855,No Complain,0
N1684,367,No Complain,0
N1685,9265,No Complain,0
N1686,1990,No Complain,0
N1687,3594,No Complain,0
N1688,9292,No Complain,0
N1689,6218,No Complain,0
N1690,6528,No Complain,0
N1691,10164,No Complain,0
N1692,9937,No Complain,0
N1693,274,No Complain,0
N1694,5250,No Complain,0
N1695,11010,No Complain,0
N1696,6969,No Complain,0
N1697,10735,No Complain,0
N1698,5068,No Complain,0
N1699,9974,No Complain,0
N1700,7053,No Complain,0
N1701,3179,No Complain,0
N1702,8082,No Complain,0
N1703,1362,No Complain,0
N1704,6768,No Complain,0
N1705,2375,No Complain,0
N1706,6856,No Complain,0
N1707,4066,No Complain,0
N1708,4333,No Complain,0
N1709,2948,No Complain,0
N1710,4927,No Complain,0
N1711,7426,No Complain,0
N1712,8360,No Complain,0
N1713,4058,No Complain,0
N1714,10755,No Complain,0
N1715,8414,No Complain,0
N1716,6810,No Complain,0
N1717,3839,No Complain,0
N1718,3483,No Complain,0
N1719,238,No Complain,0
N1720,591,No Complain,0
N1721,5063,No Complain,0
N1722,4303,No Complain,0
N1723,2258,No Complain,0
N1724,7301,No Complain,0
N1725,11121,No Complain,0
N1726,5287,No Complain,0
N1727,6457,No Complain,0
N1728,3559,No Complain,0
N1729,5577,No Complain,0
N1730,641,No Complain,0
N1731,954,No Complain,0
N1732,1834,No Complain,0
N1733,8789,No Complain,0
N1734,10584,No Complain,0
N1735,2337,No Complain,0
N1736,6071,No Complain,0
N1737,295,No Complain,0
N1738,10203,No Complain,0
N1739,3968,No Complain,0
N1740,4037,No Complain,0
N1741,6932,No Complain,0
N1742,10159,No Complain,0
N1743,1177,No Complain,0
N1744,9426,No Complain,0
S1745,10637,Shipping Issue,1
N1746,10826,No Complain,0
N1747,4086,No Complain,0
N1748,10304,No Complain,0
N1749,7998,No Complain,0
N1750,10992,No Complain,0
N1751,6383,No Complain,0
N1752,10536,No Complain,0
N1753,6036,No Complain,0
N1754,11092,No Complain,0
N1755,538,No Complain,0
N1756,10022,No Complain,0
N1757,10157,No Complain,0
N1758,3503,No Complain,0
N1759,146,No Complain,0
N1760,5538,No Complain,0
N1761,3910,No Complain,0
N1762,4227,No Complain,0
N1763,6634,No Complain,0
N1764,8916,No Complain,0
N1765,6460,No Complain,0
N1766,5883,No Complain,0
N1767,10091,No Complain,0
N1768,697,No Complain,0
N1769,2607,No Complain,0
N1770,8427,No Complain,0
N1771,217,No Complain,0
N1772,6202,No Complain,0
N1773,3856,No Complain,0
N1774,10648,No Complain,0
N1775,5120,No Complain,0
N1776,6749,No Complain,0
N1777,1584,No Complain,0
N1778,9559,No Complain,0
N1779,771,No Complain,0
N1780,5237,No Complain,0
N1781,2461,No Complain,0
N1782,5474,No Complain,0
N1783,2895,No Complain,0
N1784,7972,No Complain,0
N1785,10067,No Complain,0
N1786,500,No Complain,0
N1787,922,No Complain,0
N1788,2861,No Complain,0
N1789,375,No Complain,0
N1790,10936,No Complain,0
N1791,10314,No Complain,0
N1792,4240,No Complain,0
N1793,2674,No Complain,0
N1794,2563,No Complain,0
N1795,8312,No Complain,0
N1796,6999,No Complain,0
N1797,7574,No Complain,0
N1798,5223,No Complain,0
N1799,2952,No Complain,0
N1800,7683,No Complain,0
N1801,9481,No Complain,0
N1802,9907,No Complain,0
N1803,5454,No Complain,0
N1804,3798,No Complain,0
N1805,7281,No Complain,0
N1806,4259,No Complain,0
N1807,2549,No Complain,0
N1808,6437,No Complain,0
N1809,2488,No Complain,0
N1810,3945,No Complain,0
N1811,702,No Complain,0
N1812,9010,No Complain,0
N1813,9710,No Complain,0
N1814,1509,No Complain,0
N1815,9120,No Complain,0
N1816,5252,No Complain,0
N1817,5959,No Complain,0
N1818,7441,No Complain,0
N1819,4271,No Complain,0
N1820,4095,No Complain,0
N1821,8852,No Complain,0
N1822,7698,No Complain,0
N1823,4174,No Complain,0
N1824,3182,No Complain,0
N1825,193,No Complain,0
N1826,5229,No Complain,0
N1827,5555,No Complain,0
N1828,7732,No Complain,0
N1829,310,No Complain,0
N1830,6261,No Complain,0
N1831,6274,No Complain,0
N1832,1655,No Complain,0
N1833,2740,No Complain,0
N1834,4328,No Complain,0
N1835,17,No Complain,0
N1836,9153,No Complain,0
N1837,520,No Complain,0
N1838,8372,No Complain,0
N1839,73,No Complain,0
N1840,2002,No Complain,0
N1841,6059,No Complain,0
N1842,11166,No Complain,0
N1843,6257,No Complain,0
N1844,9224,No Complain,0
N1845,8732,No Complain,0
N1846,955,No Complain,0
N1847,4910,No Complain,0
N1848,564,No Complain,0
N1849,8931,No Complain,0
N1850,1998,No Complain,0
N1851,1250,No Complain,0
N1852,8397,No Complain,0
N1853,9672,No Complain,0
N1854,2125,No Complain,0
N1855,5975,No Complain,0
N1856,983,No Complain,0
N1857,9938,No Complain,0
N1858,4385,No Complain,0
N1859,1612,No Complain,0
N1860,803,No Complain,0
N1861,10675,No Complain,0
N1862,7004,No Complain,0
N1863,4432,No Complain,0
N1864,5079,No Complain,0
N1865,4475,No Complain,0
N1866,10868,No Complain,0
P1867,6742,Payment Problem,1
N1868,5692,No Complain,0
N1869,339,No Complain,0
N1870,10398,No Complain,0
N1871,8017,No Complain,0
N1872,3722,No Complain,0
N1873,7326,No Complain,0
N1874,2416,No Complain,0
N1875,1878,No Complain,0
N1876,5278,No Complain,0
N1877,5734,No Complain,0
N1878,4370,No Complain,0
N1879,8405,No Complain,0
N1880,7617,No Complain,0
N1881,10339,No Complain,0
N1882,6376,No Complain,0
N1883,2150,No Complain,0
N1884,7386,No Complain,0
N1885,3006,No Complain,0
N1886,11088,No Complain,0
N1887,5185,No Complain,0
N1888,3523,No Complain,0
N1889,55,No Complain,0
N1890,3807,No Complain,0
N1891,2453,No Complain,0
N1892,7787,No Complain,0
N1893,2230,No Complain,0
N1894,8146,No Complain,0
N1895,988,No Complain,0
N1896,4832,No Complain,0
N1897,3152,No Complain,0
N1898,11188,No Complain,0
N1899,361,No Complain,0
N1900,5939,No Complain,0
N1901,9349,No Complain,0
N1902,819,No Complain,0
N1903,10120,No Complain,0
N1904,4541,No Complain,0
N1905,2456,No Complain,0
N1906,2516,No Complain,0
N1907,11013,No Complain,0
N1908,9988,No Complain,0
N1909,1627,No Complain,0
N1910,1490,No Complain,0
N1911,6710,No Complain,0
N1912,7375,No Complain,0
N1913,10144,No Complain,0
N1914,3138,No Complain,0
N1915,1440,No Complain,0
N1916,4200,No Complain,0
N1917,4998,No Complain,0
N1918,7321,No Complain,0
N1919,8663,No Complain,0
N1920,1958,No Complain,0
N1921,6963,No Complain,0
N1922,1065,No Complain,0
N1923,2712,No Complain,0
N1924,6049,No Complain,0
N1925,6605,No Complain,0
N1926,11181,No Complain,0
N1927,5234,No Complain,0
N1928,5253,No Complain,0
N1929,11148,No Complain,0
N1930,6289,No Complain,0
N1931,9743,No Complain,0
N1932,9209,No Complain,0
N1933,6417,No Complain,0
N1934,7937,No Complain,0
N1935,6488,No Complain,0
N1936,3194,No Complain,0
N1937,231,No Complain,0
N1938,9697,No Complain,0
N1939,4676,No Complain,0
N1940,8079,No Complain,0
N1941,10032,No Complain,0
N1942,10505,No Complain,0
N1943,2005,No Complain,0
N1944,6940,No Complain,0
N1945,2304,No Complain,0
N1946,3170,No Complain,0
N1947,10466,No Complain,0
N1948,7325,No Complain,0
N1949,455,No Complain,0
N1950,7592,No Complain,0
N1951,4547,No Complain,0
N1952,6825,No Complain,0
N1953,2961,No Complain,0
N1954,8700,No Complain,0
N1955,2278,No Complain,0
N1956,10703,No Complain,0
N1957,9,No Complain,0
N1958,2804,No Complain,0
N1959,4915,No Complain,0
N1960,3010,No Complain,0
N1961,4279,No Complain,0
N1962,2564,No Complain,0
N1963,1137,No Complain,0
N1964,5084,No Complain,0
N1965,7094,No Complain,0
N1966,6327,No Complain,0
N1967,6131,No Complain,0
N1968,5798,No Complain,0
N1969,10379,No Complain,0
N1970,606,No Complain,0
N1971,7801,No Complain,0
N1972,2445,No Complain,0
N1973,5346,No Complain,0
N1974,550,No Complain,0
N1975,4478,No Complain,0
N1976,2350,No Complain,0
N1977,1118,No Complain,0
N1978,1491,No Complain,0
N1979,4507,No Complain,0
N1980,7023,No Complain,0
N1981,6977,No Complain,0
N1982,4042,No Complain,0
N1983,7274,No Complain,0
N1984,2902,No Complain,0
N1985,3332,No Complain,0
N1986,7433,No Complain,0
N1987,9386,No Complain,0
N1988,5176,No Complain,0
N1989,10323,No Complain,0
N1990,4682,No Complain,0
N1991,3083,No Complain,0
N1992,8015,No Complain,0
N1993,1745,No Complain,0
N1994,3136,No Complain,0
N1995,6991,No Complain,0
N1996,8132,No Complain,0
N1997,503,No Complain,0
N1998,8148,No Complain,0
N1999,2736,No Complain,0
N2000,8162,No Complain,0
N2001,692,No Complain,0
N2002,7706,No Complain,0
N2003,9298,No Complain,0
N2004,2986,No Complain,0
N2005,10812,No Complain,0
N2006,2909,No Complain,0
N2007,6974,No Complain,0
N2008,9140,No Complain,0
N2009,4554,No Complain,0
N2010,7791,No Complain,0
N2011,5455,No Complain,0
N2012,7960,No Complain,0
N2013,3426,No Complain,0
N2014,5316,No Complain,0
N2015,1404,No Complain,0
N2016,10598,No Complain,0
N2017,8212,No Complain,0
N2018,3233,No Complain,0
N2019,7892,No Complain,0
N2020,2975,No Complain,0
N2021,5043,No Complain,0
N2022,3104,No Complain,0
N2023,10854,No Complain,0
N2024,7419,No Complain,0
N2025,5558,No Complain,0
N2026,832,No Complain,0
N2027,4964,No Complain,0
N2028,11030,No Complain,0
N2029,4587,No Complain,0
N2030,450,No Complain,0
N2031,11031,No Complain,0
N2032,4990,No Complain,0
N2033,221,No Complain,0
N2034,4351,No Complain,0
N2035,1357,No Complain,0
N2036,5667,No Complain,0
N2037,8867,No Complain,0
N2038,2747,No Complain,0
N2039,7422,No Complain,0
N2040,4148,No Complain,0
N2041,9516,No Complain,0
N2042,1291,No Complain,0
N2043,1833,No Complain,0
N2044,7270,No Complain,0
N2045,8182,No Complain,0
N2046,10394,No Complain,0
N2047,1142,No Complain,0
N2048,451,No Complain,0
N2049,7128,No Complain,0
N2050,10678,No Complain,0
N2051,7755,No Complain,0
N2052,4754,No Complain,0
N2053,20,No Complain,0
N2054,2246,No Complain,0
N2055,10307,No Complain,0
N2056,2147,No Complain,0
N2057,10590,No Complain,0
N2058,6565,No Complain,0
N2059,6619,No Complain,0
N2060,4817,No Complain,0
N2061,4508,No Complain,0
N2062,4843,No Complain,0
N2063,9197,No Complain,0
N2064,6237,No Complain,0
N2065,6515,No Complain,0
N2066,5954,No Complain,0
N2067,7938,No Complain,0
N2068,961,No Complain,0
N2069,1764,No Complain,0
N2070,1916,No Complain,0
N2071,6941,No Complain,0
N2072,5562,No Complain,0
N2073,1517,No Complain,0
N2074,7286,No Complain,0
N2075,4687,No Complain,0
N2076,5631,No Complain,0
N2077,1951,No Complain,0
N2078,123,No Complain,0
N2079,9451,No Complain,0
N2080,7396,No Complain,0
N2081,3298,No Complain,0
A2082,6730,Employee Attitude,1
A2083,9916,Employee Attitude,1
N2084,2227,No Complain,0
N2085,946,No Complain,0
N2086,3745,No Complain,0
N2087,4094,No Complain,0
N2088,8588,No Complain,0
N2089,3916,No Complain,0
N2090,9135,No Complain,0
N2091,1755,No Complain,0
P2092,2875,Payment Problem,1
N2093,2008,No Complain,0
N2094,10925,No Complain,0
N2095,1604,No Complain,0
N2096,5389,No Complain,0
N2097,2878,No Complain,0
N2098,4440,No Complain,0
N2099,1324,No Complain,0
N2100,6262,No Complain,0
N2101,3628,No Complain,0
N2102,3641,No Complain,0
N2103,322,No Complain,0
N2104,175,No Complain,0
N2105,6988,No Complain,0
N2106,8204,No Complain,0
N2107,7476,No Complain,0
N2108,5221,No Complain,0
N2109,8970,No Complain,0
N2110,9286,No Complain,0
N2111,5831,No Complain,0
N2112,1010,No Complain,0
N2113,11074,No Complain,0
N2114,5896,No Complain,0
N2115,3515,No Complain,0
N2116,5324,No Complain,0
N2117,6534,No Complain,0
N2118,8373,No Complain,0
N2119,3829,No Complain,0
N2120,4501,No Complain,0
N2121,4179,No Complain,0
N2122,2292,No Complain,0
N2123,9239,No Complain,0
N2124,8953,No Complain,0
N2125,10258,No Complain,0
N2126,3520,No Complain,0
N2127,10402,No Complain,0
N2128,11114,No Complain,0
N2129,9553,No Complain,0
N2130,6055,No Complain,0
N2131,4786,No Complain,0
N2132,5015,No Complain,0
N2133,8560,No Complain,0
N2134,3469,No Complain,0
N2135,5885,No Complain,0
N2136,3310,No Complain,0
N2137,2134,No Complain,0
N2138,2532,No Complain,0
N2139,2579,No Complain,0
N2140,3117,No Complain,0
N2141,5623,No Complain,0
N2142,4789,No Complain,0
N2143,9523,No Complain,0
N2144,5268,No Complain,0
N2145,1545,No Complain,0
N2146,2254,No Complain,0
N2147,2661,No Complain,0
N2148,3130,No Complain,0
N2149,5847,No Complain,0
N2150,5863,No Complain,0
N2151,999,No Complain,0
N2152,2931,No Complain,0
N2153,1890,No Complain,0
N2154,5589,No Complain,0
N2155,10172,No Complain,0
N2156,6729,No Complain,0
N2157,10492,No Complain,0
N2158,2939,No Complain,0
N2159,5948,No Complain,0
N2160,574,No Complain,0
N2161,3266,No Complain,0
N2162,10500,No Complain,0
N2163,7987,No Complain,0
N2164,1135,No Complain,0
N2165,24,No Complain,0
N2166,7244,No Complain,0
N2167,1966,No Complain,0
N2168,7789,No Complain,0
N2169,3336,No Complain,0
N2170,5644,No Complain,0
N2171,1295,No Complain,0
N2172,6663,No Complain,0
N2173,10262,No Complain,0
N2174,456,No Complain,0
N2175,3270,No Complain,0
N2176,5748,No Complain,0
N2177,8952,No Complain,0
N2178,3921,No Complain,0
N2179,9826,No Complain,0
N2180,5830,No Complain,0
N2181,8310,No Complain,0
N2182,6382,No Complain,0
N2183,8439,No Complain,0
N2184,7613,No Complain,0
N2185,48,No Complain,0
N2186,5046,No Complain,0
N2187,3231,No Complain,0
N2188,7181,No Complain,0
N2189,1663,No Complain,0
N2190,5441,No Complain,0
N2191,8602,No Complain,0
N2192,9925,No Complain,0
N2193,9499,No Complain,0
N2194,6568,No Complain,0
N2195,3032,No Complain,0
N2196,5153,No Complain,0
N2197,4127,No Complain,0
N2198,9940,No Complain,0
N2199,7527,No Complain,0
N2200,3406,No Complain,0
N2201,9771,No Complain,0
N2202,6722,No Complain,0
N2203,213,No Complain,0
N2204,8541,No Complain,0
N2205,8475,No Complain,0
N2206,8070,No Complain,0
N2207,313,No Complain,0
N2208,9757,No Complain,0
N2209,2088,No Complain,0
N2210,2320,No Complain,0
N2211,966,No Complain,0
N2212,9706,No Complain,0
N2213,3979,No Complain,0
N2214,5602,No Complain,0
N2215,2202,No Complain,0
N2216,9645,No Complain,0
N2217,7230,No Complain,0
N2218,5675,No Complain,0
N2219,4974,No Complain,0
N2220,5687,No Complain,0
N2221,5871,No Complain,0
N2222,3846,No Complain,0
N2223,10001,No Complain,0
N2224,2831,No Complain,0
N2225,868,No Complain,0
N2226,7212,No Complain,0
N2227,1743,No Complain,0
N2228,2415,No Complain,0
N2229,7947,No Complain,0
N2230,2106,No Complain,0
N2231,3363,No Complain,0
N2232,8595,No Complain,0
N2233,7232,No Complain,0
A2234,7829,Employee Attitude,1
N2235,9977,No Complain,0
N2236,10142,No Complain,0
N2237,5263,No Complain,0
N2238,22,No Complain,0
N2239,528,No Complain,0
N2240,4070,No Complain,0
